Workbook

Sheet Raw_Data
A1: typeCode | B1: freqCode | C1: refPeriodId | D1: refYear | E1: refMonth | F1: period | G1: reporterCode | H1: reporterISO | I1: reporterDesc | J1: flowCode | K1: flowDesc | L1: partnerCode | M1: partnerISO | N1: partnerDesc | O1: partner2Code | P1: partner2ISO | Q1: partner2Desc | R1: classificationCode | S1: classificationSearchCode | T1: isOriginalClassification | U1: cmdCode | V1: cmdDesc | W1: aggrLevel | X1: isLeaf | Y1: customsCode | Z1: customsDesc | AA1: mosCode | AB1: motCode | AC1: motDesc | AD1: qtyUnitCode | AE1: qtyUnitAbbr | AF1: qty | AG1: isQtyEstimated | AH1: altQtyUnitCode | AI1: altQtyUnitAbbr | AJ1: altQty | AK1: isAltQtyEstimated | AL1: netWgt | AM1: isNetWgtEstimated | AN1: grossWgt | AO1: isGrossWgtEstimated | AP1: cifvalue | AQ1: fobvalue | AR1: primaryValue | AS1: legacyEstimationFlag | AT1: isReported | AU1: isAggregate
A2: C | B2: A | C2: 20200101 | D2: 2020 | E2: 52 | F2: 2020 | G2: 699 | H2: IND | I2: India | J2: M | K2: Import | L2: 0 | M2: W00 | N2: World | O2: 0 | P2: W00 | Q2: World | R2: H5 | S2: HS | T2: TRUE | U2: TOTAL | V2: All Commodities | W2: 0 | X2: FALSE | Y2: C00 | Z2: TOTAL CPC | AA2: 0 | AB2: 0 | AC2: TOTAL MOT | AD2: -1 | AE2: N/A | AF2: 0 | AG2: FALSE | AH2: -1 | AI2: N/A | AJ2: 0 | AK2: FALSE | AL2: 0 | AM2: TRUE | AN2: 0 | AO2: FALSE | AP2: 3.6798036e+11 | AQ2: 0 | AR2: 3.6798036e+11 | AS2: 4 | AT2: FALSE | AU2: TRUE
A3: C | B3: A | C3: 20200101 | D3: 2020 | E3: 52 | F3: 2020 | G3: 699 | H3: IND | I3: India | J3: X | K3: Export | L3: 0 | M3: W00 | N3: World | O3: 0 | P3: W00 | Q3: World | R3: H5 | S3: HS | T3: TRUE | U3: TOTAL | V3: All Commodities | W3: 0 | X3: FALSE | Y3: C00 | Z3: TOTAL CPC | AA3: 0 | AB3: 0 | AC3: TOTAL MOT | AD3: -1 | AE3: N/A | AF3: 0 | AG3: FALSE | AH3: -1 | AI3: N/A | AJ3: 0 | AK3: FALSE | AL3: 0 | AM3: TRUE | AN3: 0 | AO3: FALSE | AP3: 0 | AQ3: 2.7548874e+11 | AR3: 2.7548874e+11 | AS3: 4 | AT3: FALSE | AU3: TRUE
A4: C | B4: A | C4: 20210101 | D4: 2021 | E4: 52 | F4: 2021 | G4: 699 | H4: IND | I4: India | J4: M | K4: Import | L4: 0 | M4: W00 | N4: World | O4: 0 | P4: W00 | Q4: World | R4: H5 | S4: HS | T4: TRUE | U4: TOTAL | V4: All Commodities | W4: 0 | X4: FALSE | Y4: C00 | Z4: TOTAL CPC | AA4: 0 | AB4: 0 | AC4: TOTAL MOT | AD4: -1 | AE4: N/A | AF4: 0 | AG4: FALSE | AH4: -1 | AI4: N/A | AJ4: 0 | AK4: FALSE | AL4: 0 | AM4: TRUE | AN4: 0 | AO4: FALSE | AP4: 5.70402e+11 | AQ4: 0 | AR4: 5.70402e+11 | AS4: 4 | AT4: FALSE | AU4: TRUE
A5: C | B5: A | C5: 20210101 | D5: 2021 | E5: 52 | F5: 2021 | G5: 699 | H5: IND | I5: India | J5: X | K5: Export | L5: 0 | M5: W00 | N5: World | O5: 0 | P5: W00 | Q5: World | R5: H5 | S5: HS | T5: TRUE | U5: TOTAL | V5: All Commodities | W5: 0 | X5: FALSE | Y5: C00 | Z5: TOTAL CPC | AA5: 0 | AB5: 0 | AC5: TOTAL MOT | AD5: -1 | AE5: N/A | AF5: 0 | AG5: FALSE | AH5: -1 | AI5: N/A | AJ5: 0 | AK5: FALSE | AL5: 0 | AM5: TRUE | AN5: 0 | AO5: FALSE | AP5: 0 | AQ5: 3.9481367e+11 | AR5: 3.9481367e+11 | AS5: 4 | AT5: FALSE | AU5: TRUE
A6: C | B6: A | C6: 20220101 | D6: 2022 | E6: 52 | F6: 2022 | G6: 699 | H6: IND | I6: India | J6: M | K6: Import | L6: 0 | M6: W00 | N6: World | O6: 0 | P6: W00 | Q6: World | R6: H6 | S6: HS | T6: TRUE | U6: TOTAL | V6: All Commodities | W6: 0 | X6: FALSE | Y6: C00 | Z6: TOTAL CPC | AA6: 0 | AB6: 0 | AC6: TOTAL MOT | AD6: -1 | AE6: N/A | AF6: 0 | AG6: FALSE | AH6: -1 | AI6: N/A | AJ6: 0 | AK6: FALSE | AL6: 0 | AM6: TRUE | AN6: 0 | AO6: FALSE | AP6: 7.3256599e+11 | AR6: 7.3256599e+11 | AS6: 4 | AT6: FALSE | AU6: TRUE
A7: C | B7: A | C7: 20220101 | D7: 2022 | E7: 52 | F7: 2022 | G7: 699 | H7: IND | I7: India | J7: X | K7: Export | L7: 0 | M7: W00 | N7: World | O7: 0 | P7: W00 | Q7: World | R7: H6 | S7: HS | T7: TRUE | U7: TOTAL | V7: All Commodities | W7: 0 | X7: FALSE | Y7: C00 | Z7: TOTAL CPC | AA7: 0 | AB7: 0 | AC7: TOTAL MOT | AD7: -1 | AE7: N/A | AF7: 0 | AG7: FALSE | AH7: -1 | AI7: N/A | AJ7: 0 | AK7: FALSE | AL7: 0 | AM7: TRUE | AN7: 0 | AO7: FALSE | AQ7: 4.5268421e+11 | AR7: 4.5268421e+11 | AS7: 4 | AT7: FALSE | AU7: TRUE
A8: C | B8: A | C8: 20230101 | D8: 2023 | E8: 52 | F8: 2023 | G8: 699 | H8: IND | I8: India | J8: M | K8: Import | L8: 0 | M8: W00 | N8: World | O8: 0 | P8: W00 | Q8: World | R8: H6 | S8: HS | T8: TRUE | U8: TOTAL | V8: All Commodities | W8: 0 | X8: FALSE | Y8: C00 | Z8: TOTAL CPC | AA8: 0 | AB8: 0 | AC8: TOTAL MOT | AD8: -1 | AE8: N/A | AF8: 0 | AG8: FALSE | AH8: -1 | AI8: N/A | AJ8: 0 | AK8: FALSE | AM8: FALSE | AN8: 0 | AO8: FALSE | AP8: 6.7214013e+11 | AR8: 6.7214013e+11 | AS8: 0 | AT8: FALSE | AU8: TRUE
A9: C | B9: A | C9: 20230101 | D9: 2023 | E9: 52 | F9: 2023 | G9: 699 | H9: IND | I9: India | J9: X | K9: Export | L9: 0 | M9: W00 | N9: World | O9: 0 | P9: W00 | Q9: World | R9: H6 | S9: HS | T9: TRUE | U9: TOTAL | V9: All Commodities | W9: 0 | X9: FALSE | Y9: C00 | Z9: TOTAL CPC | AA9: 0 | AB9: 0 | AC9: TOTAL MOT | AD9: -1 | AE9: N/A | AF9: 0 | AG9: FALSE | AH9: -1 | AI9: N/A | AJ9: 0 | AK9: FALSE | AM9: FALSE | AN9: 0 | AO9: FALSE | AQ9: 4.3141198e+11 | AR9: 4.3141198e+11 | AS9: 0 | AT9: FALSE | AU9: TRUE
A10: C | B10: A | C10: 20240101 | D10: 2024 | E10: 52 | F10: 2024 | G10: 699 | H10: IND | I10: India | J10: M | K10: Import | L10: 0 | M10: W00 | N10: World | O10: 0 | P10: W00 | Q10: World | R10: H6 | S10: HS | T10: TRUE | U10: TOTAL | V10: All Commodities | W10: 0 | X10: FALSE | Y10: C00 | Z10: TOTAL CPC | AA10: 0 | AB10: 0 | AC10: TOTAL MOT | AD10: -1 | AE10: N/A | AF10: 0 | AG10: FALSE | AH10: -1 | AI10: N/A | AJ10: 0 | AK10: FALSE | AM10: FALSE | AN10: 0 | AO10: FALSE | AP10: 6.9774512e+11 | AR10: 6.9774512e+11 | AS10: 0 | AT10: FALSE | AU10: TRUE
A11: C | B11: A | C11: 20240101 | D11: 2024 | E11: 52 | F11: 2024 | G11: 699 | H11: IND | I11: India | J11: X | K11: Export | L11: 0 | M11: W00 | N11: World | O11: 0 | P11: W00 | Q11: World | R11: H6 | S11: HS | T11: TRUE | U11: TOTAL | V11: All Commodities | W11: 0 | X11: FALSE | Y11: C00 | Z11: TOTAL CPC | AA11: 0 | AB11: 0 | AC11: TOTAL MOT | AD11: -1 | AE11: N/A | AF11: 0 | AG11: FALSE | AH11: -1 | AI11: N/A | AJ11: 0 | AK11: FALSE | AL11: 0 | AM11: TRUE | AN11: 0 | AO11: FALSE | AQ11: 4.3443548e+11 | AR11: 4.3443548e+11 | AS11: 4 | AT11: FALSE | AU11: TRUE

Sheet Data_Profile
A1: DATA PROFILE
A2: Metric | B2: Result
A3: Total Records | B3: =COUNTA(Raw_Data!A:A)-1 -> 10
A4: Total Columns | B4: =COUNTA(Raw_Data!1:1) -> 47
A5: Unique Years | B5: =COUNTA(_xlfn.UNIQUE(Raw_Data!D2:D11)) -> 5
A6: Unique Trade Flows | B6: =COUNTA(_xlfn.UNIQUE(Raw_Data!K2:K11)) -> 2
A7: Unique Reporters | B7: =COUNTA(_xlfn.UNIQUE(Raw_Data!I2:I11)) -> 1
A8: Missing Trade Values | B8: =COUNTBLANK(Raw_Data!AR2:AR11) -> 0
A9: Zero Trade Values | B9: =COUNTIF(Raw_Data!AR2:AR11,0) -> 0
A10: Blank Net Weight | B10: =COUNTBLANK(Raw_Data!AL2:AL11) -> 3
A11: Zero Net Weight | B11: =COUNTIF(Raw_Data!AL2:AL11,0) -> 7
A12: Estimated Net Weight | B12: =COUNTIF(Raw_Data!AM2:AM11,TRUE) -> 7

Sheet Business_Analysis
A2: Year | B2: Imports | C2: Exports | D2: Trade Balance | E2: Import YoY % | F2: Export YoY %
A3: 2020 | B3: =SUMIFS(Raw_Data!$AR:$AR,Raw_Data!$D:$D,A3,Raw_Data!$K:$K,"Import") -> 3.6798036e+11 | C3: =SUMIFS(Raw_Data!$AR:$AR,Raw_Data!$D:$D,A3,Raw_Data!$K:$K,"Export") -> 2.7548874e+11 | D3: =C3-B3 -> -9.2491619e+10
A4: 2021 | B4: =SUMIFS(Raw_Data!$AR:$AR,Raw_Data!$D:$D,A4,Raw_Data!$K:$K,"Import") -> 5.70402e+11 | C4: =SUMIFS(Raw_Data!$AR:$AR,Raw_Data!$D:$D,A4,Raw_Data!$K:$K,"Export") -> 3.9481367e+11 | D4: =C4-B4 -> -1.7558833e+11 | E4: =(B4-B3)/B3 -> 0.55008816 | F4: =(C4-C3)/C3 -> 0.43313903
A5: 2022 | B5: =SUMIFS(Raw_Data!$AR:$AR,Raw_Data!$D:$D,A5,Raw_Data!$K:$K,"Import") -> 7.3256599e+11 | C5: =SUMIFS(Raw_Data!$AR:$AR,Raw_Data!$D:$D,A5,Raw_Data!$K:$K,"Export") -> 4.5268421e+11 | D5: =C5-B5 -> -2.7988178e+11 | E5: =(B5-B4)/B4 -> 0.28429772 | F5: =(C5-C4)/C4 -> 0.14657684
A6: 2023 | B6: =SUMIFS(Raw_Data!$AR:$AR,Raw_Data!$D:$D,A6,Raw_Data!$K:$K,"Import") -> 6.7214013e+11 | C6: =SUMIFS(Raw_Data!$AR:$AR,Raw_Data!$D:$D,A6,Raw_Data!$K:$K,"Export") -> 4.3141198e+11 | D6: =C6-B6 -> -2.4072815e+11 | E6: =(B6-B5)/B5 -> -0.082485215 | F6: =(C6-C5)/C5 -> -0.046991337
A7: 2024 | B7: =SUMIFS(Raw_Data!$AR:$AR,Raw_Data!$D:$D,A7,Raw_Data!$K:$K,"Import") -> 6.9774512e+11 | C7: =SUMIFS(Raw_Data!$AR:$AR,Raw_Data!$D:$D,A7,Raw_Data!$K:$K,"Export") -> 4.3443548e+11 | D7: =C7-B7 -> -2.6330964e+11 | E7: =(B7-B6)/B6 -> 0.038094721 | F7: =(C7-C6)/C6 -> 0.0070083984

Sheet Trade_Data_Clean
A1: Year | B1: Period_Year | C1: Reporter_Code | D1: Reporter | E1: Trade_Flow | F1: Partner_Code | G1: Partner | H1: Classification | I1: Commodity | J1: Trade_Value_USD | K1: Trade_Value_Billion_USD | L1: Net_Trade_Billion_USD
A2: 2020 | B2: 2020 | C2: IND | D2: India | E2: Import | F2: W00 | G2: World | H2: H5 | I2: All Commodities | J2: 3.6798036e+11 | K2: 367.98036 | L2: -367.98036
A3: 2020 | B3: 2020 | C3: IND | D3: India | E3: Export | F3: W00 | G3: World | H3: H5 | I3: All Commodities | J3: 2.7548874e+11 | K3: 275.48874 | L3: 275.48874
A4: 2021 | B4: 2021 | C4: IND | D4: India | E4: Import | F4: W00 | G4: World | H4: H5 | I4: All Commodities | J4: 5.70402e+11 | K4: 570.402 | L4: -570.402
A5: 2021 | B5: 2021 | C5: IND | D5: India | E5: Export | F5: W00 | G5: World | H5: H5 | I5: All Commodities | J5: 3.9481367e+11 | K5: 394.81367 | L5: 394.81367
A6: 2022 | B6: 2022 | C6: IND | D6: India | E6: Import | F6: W00 | G6: World | H6: H6 | I6: All Commodities | J6: 7.3256599e+11 | K6: 732.56599 | L6: -732.56599
A7: 2022 | B7: 2022 | C7: IND | D7: India | E7: Export | F7: W00 | G7: World | H7: H6 | I7: All Commodities | J7: 4.5268421e+11 | K7: 452.68421 | L7: 452.68421
A8: 2023 | B8: 2023 | C8: IND | D8: India | E8: Import | F8: W00 | G8: World | H8: H6 | I8: All Commodities | J8: 6.7214013e+11 | K8: 672.14013 | L8: -672.14013
A9: 2023 | B9: 2023 | C9: IND | D9: India | E9: Export | F9: W00 | G9: World | H9: H6 | I9: All Commodities | J9: 4.3141198e+11 | K9: 431.41198 | L9: 431.41198
A10: 2024 | B10: 2024 | C10: IND | D10: India | E10: Import | F10: W00 | G10: World | H10: H6 | I10: All Commodities | J10: 6.9774512e+11 | K10: 697.74512 | L10: -697.74512
A11: 2024 | B11: 2024 | C11: IND | D11: India | E11: Export | F11: W00 | G11: World | H11: H6 | I11: All Commodities | J11: 4.3443548e+11 | K11: 434.43548 | L11: 434.43548

Sheet Pivot_Trade_Flow

Sheet Sheet1
A3: Sum of Net_Trade_Billion_USD | B3: Column Labels
A4: Row Labels | B4: Export | C4: Import | D4: Grand Total
A5: 2020 | B5: 275.48874 | C5: -367.98036 | D5: -92.491619
A6: 2021 | B6: 394.81367 | C6: -570.402 | D6: -175.58833
A7: 2022 | B7: 452.68421 | C7: -732.56599 | D7: -279.88178
A8: 2023 | B8: 431.41198 | C8: -672.14013 | D8: -240.72815
A9: 2024 | B9: 434.43548 | C9: -697.74512 | D9: -263.30964
A10: Grand Total | B10: 1988.8341 | C10: -3040.8336 | D10: -1051.9995

Sheet Pivot_Net_Trade
A3: Row Labels | B3: Sum of Net_Trade_Billion_USD
A4: 2020 | B4: -92.491619
A5: 2021 | B5: -175.58833
A6: 2022 | B6: -279.88178
A7: 2023 | B7: -240.72815
A8: 2024 | B8: -263.30964
A9: Grand Total | B9: -1051.9995
